{
    "krw": 950723.5830754754,
    "btc": 0,
    "avg_price": 0,
    "net_equity": 950723.5830754754
}