{
    "krw": 893776.640195917,
    "btc": 0.00037556999999999955,
    "avg_price": 99485812.60879304,
    "net_equity": 930342.6217590669
}