{
    "krw": 932243.6911060041,
    "btc": 0,
    "avg_price": 0,
    "net_equity": 932243.6911060041
}